prior_label,p_mean_range,p_mean_mean,p_mean_range_width,p_ci_width_mean,tau_post_mean,tau_post_ci,sigma_s2_post_mean,sigma_viirs_post_mean,delta_s2_post_mean,rhat_max,divergences
tau_HalfCauchy_0.3,"[0.1513, 0.1568]",0.1555687993948144,0.005554644702844391,0.04737305384144616,0.06096516125478624,"[0.0022, 0.1753]",2.6859293912931688,0.9034632055643577,-1.7036673035072323,1.01,4
tau_HalfCauchy_1.0,"[0.1509, 0.1567]",0.1554083060206598,0.005761989443039267,0.04805848200091006,0.06291124466455669,"[0.0036, 0.1719]",2.684945361702524,0.9036852579528052,-1.7049779872605335,1.01,1
tau_HalfCauchy_3.0,"[0.1511, 0.1568]",0.15550497331946603,0.005739565503236094,0.0481913058503428,0.06291743294553838,"[0.0029, 0.1753]",2.6850711769137234,0.9032533515111247,-1.7040645562519645,1.01,4
tau_Exponential_2.0,"[0.1515, 0.1568]",0.15552026895454005,0.005356157893102759,0.04726966519385662,0.06107148649797071,"[0.0028, 0.1721]",2.685228230022734,0.9038874856467427,-1.7047359064896828,1.01,0
tau_HalfNormal_1.0,"[0.1507, 0.1574]",0.1554714129392319,0.006794198726859685,0.050627083853419824,0.06607675831612328,"[0.0029, 0.1895]",2.684914793305387,0.9029334557248794,-1.7045803828695671,1.01,2
