{
  "p_viirs": 0.0016583618707954884,
  "p_s2": 0.4362098276615143,
  "p_sar": 0.006132703740149736,
  "p_insar": 0.21339063346385956,
  "p_fused": 0.17610955238342285,
  "std_fused": 0.031727854162454605,
  "hdi_width": 0.12371806800365448,
  "corr_matrix": [
    [
      0.9999999999999999,
      -0.01062366818921078,
      -0.0048590793101775,
      0.0013337818658517046
    ],
    [
      -0.01062366818921078,
      1.0,
      0.017093952424346283,
      -0.018823480140872394
    ],
    [
      -0.0048590793101775,
      0.017093952424346283,
      1.0,
      0.06263763464932848
    ],
    [
      0.0013337818658517048,
      -0.018823480140872394,
      0.06263763464932848,
      0.9999999999999998
    ]
  ],
  "dNDVI": -0.018,
  "dNBR": -0.026,
  "dNDBI": 0.016,
  "urban_pct": 0.8,
  "urban_dNTL": -9.92,
  "s2_damage_dir_pct": 42.7
}