{
  "experiment": "v2",
  "n_sensors": 4,
  "sensors": [
    "VIIRS",
    "S2",
    "SAR",
    "InSAR"
  ],
  "p_input_means": [
    0.03233301639556885,
    0.5262339115142822,
    0.9936276078224182,
    0.22009065747261047
  ],
  "correlation_matrix": [
    [
      0.9999999999999998,
      0.0007778527228313157,
      -0.05420849701012997,
      0.0080817806131596
    ],
    [
      0.0007778527228313158,
      0.9999999999999999,
      0.07506878033171757,
      -0.0835435078456687
    ],
    [
      -0.05420849701012997,
      0.07506878033171757,
      1.0,
      -0.05448735488425301
    ],
    [
      0.0080817806131596,
      -0.0835435078456687,
      -0.054487354884253006,
      0.9999999999999998
    ]
  ],
  "fusion_mean": 0.4616979658603668,
  "fusion_std": 0.053842879831790924,
  "hdi_width": 0.21046894828065876,
  "n_pixels": 5318,
  "kappa": [
    20.0,
    20.0,
    20.0,
    20.0
  ]
}